mosar_section,id,display_id,title,level,statement,covers,verification,responsible,comment,pageno
FuncR,S101,FuncR_S101,Satellite repair and update,Mandatory,The MOSAR technology shall allow repair and update of modular spacecraft by manipulation and repositioning of functional modules with a robotic manipulator,Mission analysis RD2 Guidelines AD1-OG9-R02,,,,15
FuncR,S102,FuncR_S102,Mission tasks update,Mandatory,"The modular spacecraft shall be reconfigurable and should be able to use new functionalities brought by additional functional modules, in order to perform new mission tasks",Mission analysis RD2 Guidelines AD1-OG9-R05,,,,15
FuncR,S103,FuncR_S103,Functional modules replacement,Mandatory,The robotic manipulator shall be able to add and replace whole functional modules (ASM/APM) by using the interconnectors of these modules.,Mission analysis RD2 Guidelines AD1-OG9-R01,,,,15
FuncR,S104,FuncR_S104,Robot relocation,Mandatory,The robotic manipulator shall be able to reposition itself by using the interconnectors/structure of the functional modules or the spacecraft.,Mission analysis RD2 Guidelines AD1-OG9-R03,,,,15
FuncR,S105,FuncR_S105,Design software,Mandatory,A design software shall be able to create a robotic compatible servicing / reconfiguration plan for the modular spacecraft,Operational Concept RD3 Guidelines AD1-OG9-R12,,,,16
FuncR,S106,FuncR_S106,Simulation software,Mandatory,A simulation software shall be able to simulate the system with all related robotics elements following the execution plan,Operational Concept RD3 Guidelines AD1-OG9-R12,,,,16
FuncR,S107,FuncR_S107,Robot high-level control,Mandatory,"The modular spacecraft shall perform the high-level control of the robot, by the execution and monitoring of the reconfiguration plan (task level)",Operational Concept RD3 Guidelines AD1-OG9-R04,,,The high-level control of the robot can also be managed by the servicer satellite (depending on the servicing or local reconfiguration scenario),17
FuncR,S108,FuncR_S108,Robot low-level control,Mandatory,The robotic manipulator shall ensure its low-level control for the execution of the high- level tasks,Operational Concept RD3 Guidelines AD1-OG9-R04,,,,17
FuncR,S109,FuncR_S109,Functional module monitoring,Mandatory,The modular spacecraft shall be able to monitor the status of essential parameters of each connected functional module,Mission analysis RD2 Guidelines AD1-OG9-R12,,,,17
FuncR,S110,FuncR_S110,Resources reallocation,Mandatory,"The system shall be able to reallocate resources (e.g. power, data, computational power, etc.) and assign different path automatically in case of a defect (e.g. interconnector of an APM)",Mission analysis RD2 Guidelines AD1-OG9-R07,,,,17
FuncR,S111,FuncR_S111,Failure handling,Mandatory,The system shall be able to handle the tasks even during a connection failure or a power interruption of defect modules/interconnectors.,Mission analysis RD2 Guidelines AD1-OG9-R08,,,,18
FuncR,S112,FuncR_S112,Electrical power supply,Mandatory,One or several modules options shall be available to implement for electrical power supply enabling operation of the functional modules and the robot manipulator,Mission analysis RD2,,,The power system could be integrated by one or more functional modules,18
FuncR,S113,FuncR_S113,"Electrical power supply, power management",Mandatory,The modular spacecraft shall be able to shut down or command a stand-by mode of any non-critical module to reduce power consumption if needed. Critical functions should not be affected by shutting down of non-critical modules.,Mission analysis RD2,,,,18
FuncR,S114,FuncR_S114,Data handling system,Mandatory,One or several modules options shall be available to implement a data handling system (that can be composed of one or more modules) that enables operation of the different modules and the manipulator.,Mission analysis RD2,,,The data handling system could be integrated by one or more functional modules,18
FuncR,S115,FuncR_S115,Heat management and thermal considerations,Mandatory,One or several modules options shall be available to implement heat management functions that allow thermal regulation of the different modules within its specific range of temperatures. The heat management system could be composed of one or more modules.,Mission analysis RD2,,,,19
FuncR,S116,FuncR_S116,Propulsion subsystem,Mandatory,One or several modules options shall be available to implement a propulsion subsystem with capacity to perform at least: ??Station keeping manoeuvers. ??Orbit relocation. ??De-orbiting.,Mission analysis RD2,,,The propulsion subsystem could be integrated by one or more functional modules.,19
FuncR,S117,FuncR_S117,Attitude control subsystem,Mandatory,"One or several modules options shall be available to implement an attitude control subsystem, with capacity to perform at least: ??Spacecraft reorientation. ??Attitude control compatible with mission objectives. ??Autonomous search of the Sun and the Earth",Mission analysis RD2,,,The attitude control subsystem is essential to ensure correct functioning of other subsystems.,19
FuncR,S118,FuncR_S118,Module mechanical connections,Mandatory,Modules shall be able to connect mechanically to other modules or to the spacecraft through interconnectors.,Mission analysis RD2,,,Not every module is directly linked to the OBC of the modular platform. Data relay function is needed to dispatch telecommands and telemetries through a network of modules.,19
FuncR,S119,FuncR_S119,Module data relay,Mandatory,"Any module should be able to act as a data relay for other modules or the robotic manipulator through their interconnector, also if the module is in safe mode",Mission analysis RD2,,,Not every module is directly linked to the OBC of the modular platform. Data relay function is needed to dispatch telecommands and telemetries through a network of modules. FM1 is in safe mode but still acts as data relay for FM2. ,20
FuncR,S120,FuncR_S120,Data routing,Mandatory,"The OBC shall be able to redirect telecommands to specific modules, for the spacecraft configuration or for instance upon detection of failure on any point of the network. If an alternative path is not available, the OBC shall be able to isolate the faulty node and all the others nodes connected downstream.",Mission analysis RD2,,,"FM5 has a nominal link to the OBC through FM3 and FM4. In case of failure of any of these components, the OBC should redirect telecommands to FM5 through the alternative path using FM1 and FM2.
FM7 only has connection to the OBC through FM6. In case of failure of FM1 the OBC should isolate both modules and stop sending TCs to them until FM6 is recovered. FM7 
cannot be a critical module. ",20
FuncR,S121,FuncR_S121,Module power relay,Mandatory,"Module should be able to act as a power relay for other modules or the robotic manipulator through their interconnectors, also if the module is in safe mode",Mission analysis RD2 FuncR_S112,,,To allow power distribution between the power supply (spacecraft or functional module) and the other active modules,21
FuncR,S122,FuncR_S122,Power routing,Mandatory,"The OBC shall be able to redirect power to specific modules, for the spacecraft configuration or for instance upon detection of power failure on any point of the network. If an alternative path is not available, the OBC shall be able to isolate the faulty node and all the others nodes connected downstream.",Mission analysis RD2,,,To allow power distribution between the power supply (spacecraft or functional module) and the other active modules,21
FuncR,S123,FuncR_S123,Module thermal relay,Mandatory,Module should be able to act as a thermal relay for other modules through their interconnectors,Mission analysis RD2 FuncR_S115,,,To allow thermal distribution and management between the modules,22
PerfR,S201,PerfR_S201,Mechanical interfaces,Mandatory,"The modular spacecraft shall be able to withstand the loads expected on orbit with significant (TBD) safety margins. In any case, the mechanical integrity of the ensemble should not be compromised.",Mission analysis RD2,,,,22
PerfR,S202,PerfR_S202,Manipulator mechanical loads,Mandatory,"The robot manipulator and its connections to the modules or spacecraft shall be able to withstand the loads expected during modules operations with significant (TBC) safety margins. In any case, the mechanical integrity of the robotic arm and its connection with the spacecraft or modules should not be compromised.",Mission analysis RD2,,,,22
PerfR,S203,PerfR_S203,Mechanical interfaces (alignment and stiffness),Mandatory,The mechanical interfaces of the modular spacecraft shall provide the required alignment accuracy and stiffness required by the different modules to meet their respective performance requirements and to not constitute a harm to the rest of the spacecraft.,Mission analysis RD2,,,"The performance requirements of the different modules could be treated at system level, showing adequacy to the mission objectives. The minimum need in terms of alignment and stiffness of the mechanical interface should at least guarantee that every module is safely integrated into the modular platform.",22
FuncR,S123,FuncR_S123,Date : 01-Sept-2019,,Module should b e able to act as a thermal rel ay for other mod ules through t heir,Mission analysis RD2,,,To allow thermal distribution a nd managemen t between t he m odules,22
IntR,S301,IntR_S301,Ground segment communication,Mandatory,The modular spacecraft shall have a redundant communication link with the ground segment for telemetry and telecommands.,Mission analysis RD2,,,,23
IntR,S302,IntR_S302,Telemetry of different modules,Mandatory,Every module shall have a communication link enabling to send telemetry to the spacecraft monitoring unit (OBC) and ultimately to the ground station. The link with the ground station could be done through a specific communication module implemented on the modular spacecraft.,Mission analysis RD2,,,,23
IntR,S303,IntR_S303,Ground segment surveillance,Mandatory,The ground segment shall know at any moment the status of the different modules of the modular spacecraft. This information is passed through two types of telemetries: ??Periodic telemetry with standardized packets. ??Asynchronous telemetry with error message.,Mission analysis RD2,,,"The ground segment is able to detect problems in case an anomaly message is received (asynchronous telemetry). Even if the error message is never received (for instance, sudden power loss), the ground segment is able to detect a problem if the periodic telemetry is not received and investigate the problem by analyzing this data.",23
IntR,S304,IntR_S304,Grounding (electrical power),Mandatory,Any module of the modular spacecraft provided with an electrical power interface should have a connection to ground.,Mission analysis RD2,,,Reduces the risk of introducing stray currents or ground loop currents.,23
DesR,S401,DesR_S401,Modular satellite reliability,Desirable,"The modular spacecraft shall be quantifiably more reliable by design than a monolithic system over the mission lifetime of the satellite, including (and as a specific advantage) under extensions of mission lifetime.",Mission analysis RD2,,,,24
DesR,S402,DesR_S402,Modular satellite flexibility,Desirable,The modular spacecraft shall be quantifiably more flexible in operation and responsive to mission changes than a traditional satellite with a similar mission.,Mission analysis RD2,,,,24
DesR,S403,DesR_S403,Modular satellite economy,Desirable,"The modular spacecraft shall have quantifiable advantages in cost-effectiveness and economy of operation from a mission perspective over the projected lifetime of the satellite. Otherwise, it should be demonstrated that the benefits (in terms of enhanced functionalities) compensate the additional costs.",Mission analysis RD2,,,,24
DesR,S404,DesR_S404,Available connection interfaces,Mandatory,The modular spacecraft and modules assembly shall implement a minimum number of connection interfaces such as at least two of these interfaces are available at any moment and within the reach of the robotic manipulator.,Mission analysis RD2,,,one spot for anchorage on the client spacecraft and a second one for placing a new module.,24
DesR,S405,DesR_S405,Compatibility between modules,Mandatory,The assembly of modules on a modular spacecraft respond to a planning and design that has previously being verified on ground.,Mission analysis RD2,,,,25
PhyR,S501,PhyR_S501,Components weight,Mandatory,"The weight of all components associated with the concept of modular spacecraft shall be minimized (interconnectors, functional module structure, robotic manipulator)",Mission analysis RD2,,,The concept of modular spacecraft brings additional components that creates a penalty on the system weight.,25
PhyR,S502,PhyR_S502,Interconnectors size and volume,Mandatory,The size and volume of the interconnectors shall be minimized to offer more place inside the functional modules,Mission analysis RD2,,,,25
OpR,S601,OpR_S601,Servicer satellite,Mandatory,The functional modules shall be delivered to the modular spacecraft by a servicer satellite equipped with a robotic manipulator,Mission analysis RD2 Operational Concept RD3,,,,25
OpR,S602,OpR_S602,"On-Orbit Rendez-vous, interfaces",Mandatory,The modular spacecraft shall implement a physical interface for docking and/or berthing of a servicer satellite.,Mission analysis RD2,,,,26
OpR,S603,OpR_S603,"On-Orbit Rendez-vous, coupled spacecraft",Mandatory,The modular spacecraft shall be able to remain coupled to the servicer spacecraft without time limitation.,Mission analysis RD2,,,"There should be no limitation coming from any of the subsystems of the modular spacecraft (ADCS, power, thermal etc.).",26
OpR,S604,OpR_S604,"On-Orbit Rendez-vous, communication to servicer",Mandatory,The modular spacecraft should be able to communicate with the servicer and exchange data during and after rendez-vous operation.,Mission analysis RD2,,,Not essential during rendez-vous but highly desirable for enhanced autonomy during operations without (or with minimum) ground support.,26
OpR,S605,OpR_S605,"On-Orbit Rendez-vous, ground communications",Mandatory,The modular spacecraft shall be able to monitor operations during and after rendez- vous and send reports to the ground segment.,Mission analysis RD2,,,"Continuous link to ground stations is not essential for rendez-vous, however, different phases are usually defined with specific milestones that are controlled by ground operators. After rendez-vous, the communication supports transfer of the execution plan and the monitoring and feedback of the operations to the ground.",26
OpR,S606,OpR_S606,Space environment,Mandatory,"The components of the modular spacecraft: subsystems, interfaces and structures shall be able to withstand the space environment for the whole duration of the mission.",Mission analysis RD2,,,Generic requirement to be verified depending on the specific application.,27
OpR,S607,OpR_S607,Launch loads,Desirable,"The interconnectors design shall optimize launch load capabilities, to offer the wider range of possibilities regarding pre-assembled functional modules (on the initial spacecraft or the servicer) before launch",Mission analysis RD2,,,"Conditions are function of the launch conditions, configuration of the modules (inertia, COG,?? and type of connection with the launcher",27
SafR,S701,SafR_S701,Critical functionalities,Mandatory,The failure of any functional module shall not yield to the loss of the spacecraft.,Mission analysis RD2,,,,27
SafR,S702,SafR_S702,Redundancy of critical functionalities,Mandatory,Any functional module providing a critical functionality (one that is needed for the safe mode of the functional platform) shall be redundant.,Mission analysis RD2,,,,27
SafR,S703,SafR_S703,Propagation of failures,Mandatory,"Any module of the modular spacecraft shall be designed as to avoid failure propagation. In particular, the module shall prevent itself or any of its components from degrading performances of other modules or damaging the modular spacecraft.",Mission analysis RD2,,,,28
SafR,S704,SafR_S704,Substitution of critical modules,Mandatory,Any module that is considered critical (without this module the spacecraft loss one of its basic functionalities) can only be exchanged if: 1. Another module covering its functionality has already been added to the client spacecraft. 2. This second module is already operational. 3. The module to be substituted has already been isolated and switched off. 4. No anomaly has been detected between steps 2 and 3.,Mission analysis RD2,,,The design principle of ?œdo not harm??should be applied for the modules of a modular spacecraft.,28
SafR,S705,SafR_S705,Robustness to power loss,Mandatory,Any module shall be able to withstand a sudden power loss without any damage to itself or to other modules. The module shall autonomously shut down or enter a standby mode of minimum power consumption.,Mission analysis RD2,,,"The design principle of ?œdo not harm??should be applied for the modules of a modular spacecraft. In case of major anomaly of FM1, FM2 may suddenly lose its power supply.",28
SafR,S706,SafR_S706,Restart after power loss,Mandatory,"After a sudden power loss, any module of the modular spacecraft shall be able to restart and resume normal operation when power supply is restored.",Mission analysis RD2,,,"The design principle of ?œdo not harm??should be applied for the modules of a modular spacecraft. When functionality of FM1 is restored, the modules downstream (FM2) can restart and resume normal operation.",29
SafR,S707,SafR_S707,Data handling system (redundancy),Mandatory,"The modular spacecraft shall implement a redundant on-board computer. The two (or more) OBCs could be integrated in different modules or in the same module. If the OBCs are integrated in the same module, two different interfaces should be provided, ensuring that in any case a single failure does not yield to the loss of the spacecraft.",Mission analysis RD2,,,,29
SafR,S708,SafR_S708,"Modular Satellite Failure Detection, Isolation and Recovery",Mandatory,"The modular satellite shall be able to detect failure of any module, isolate the faulty equipment and perform recovery operations when possible.",Mission analysis RD2,,,,29
SafR,S709,SafR_S709,Safe mode,Mandatory,The modular spacecraft shall implement a safe mode that guarantees a stable condition of the spacecraft without time limitation. This mode should be fully autonomous (without any ground intervention).,Mission analysis RD2,,,,29
SafR,S710,SafR_S710,Safe mode (modules),Mandatory,Any module of the modular spacecraft shall implement a safe mode. This mode minimizes hardware and software functions as to make minimal use of the modular spacecraft resources (power).,Mission analysis RD2,,,,30
SafR,S711,SafR_S711,Safe mode (command),Mandatory,The modular spacecraft should enter safe mode either by autonomous transition triggered by the on-board computer or through ground command.,Mission analysis RD2,,,,30
SafR,S712,SafR_S712,"Safe mode (modules, command)",Mandatory,"Any module of the modular spacecraft should enter in safe mode when commanded by the on-board computer of the modular spacecraft, by ground command or by autonomous triggering of the module itself.",Mission analysis RD2,,,,30
SafR,S713,SafR_S713,Data relay for critical modules,Mandatory,"Any module considered as critical (needed for the safe mode of the modular platform, ensuring no loss of the spacecraft) shall have either: a) A direct connection to the OBC. b) Two independent paths to reach the OBC through other modules.",Mission analysis RD2 Guidelines AD1-OG9-R07,,,"FM1 and FM5 are critical modules. FM1 is directly connected to the OBC. FM5 is not directly connected to the OBC, but has two alternative ways of communicating with the OBC. The design is robust to a single failure of any of the non-critical modules.",30
SafR,S714,SafR_S714,Power relay for critical modules,Mandatory,"Any module considered as critical (needed for the safe mode of the modular platform, ensuring no loss of the spacecraft) shall have either: a) A direct connection to the power supply. b) Two independent paths to reach the power supply through other modules.",Mission analysis RD2,,,,31
SafR,S715,SafR_S715,Single points of failure,Mandatory,"The design of the modular spacecraft shall minimize the number of single point of failures (failure that yields to loss of the spacecraft or its mission). Every single point of failure should be fully described, analyzed, and justified why any other implementation is not better than the selected one.",Mission analysis RD2,,,,31
ConfR,S801,ConfR_S801,Configuration of the modular spacecraft,Mandatory,"A modular spacecraft implements identical modules in terms of structure shape and materials. Singularly, different shapes could be accepted provided that compatibility with the basic modules is ensured.",Mission analysis RD2,,,"The basic module is the rectangle. Singularly, other modules that are compatible could be added to the modular spacecraft. ",31
ConfR,S802,ConfR_S802,Functional module orientation,Mandatory,The functional module orientation shall be adjustable as function of its function and position on the modular spacecraft,Mission analysis RD2,,,"The function of the module could require a specific orientation (e.g. camera orientation, radiator)",32
FuncR,A101,FuncR_A101,Demonstrator purpose,Mandatory,The MOSAR demonstrator shall illustrate the repair and update of modular spacecraft by manipulation and repositioning of SM with the WM.,"FuncR_S101, FuncR_S102",Testing,SPACEAPPS,,35
FuncR,A102,FuncR_A102,Demonstrator components,Mandatory,The MOSAR demonstrator shall include: ??A set of spacecraft modules (ASM/APM) to illustrate the scenarios and functionalities of modular spacecraft ??A robotic walking manipulator for the manipulation of the SM ??A servicer satellite and client modular spacecraft mockup to support the demonstration scenarios ??A monitoring and control center that includes a design and simulation tool to create and simulate the execution plan and a monitoring interface,Guidelines AD1 Operational Concept RD3,Review of Design,SPACEAPPS,,35
FuncR,A103,FuncR_A103,Plan execution,Mandatory,The SVC OBC shall execute autonomously the assembly/ reconfiguration plan prepared by the design and simulation tool,FuncR_S107 MOSAR Operational Concept,Testing,GMV,None,35
FuncR,A104,FuncR_A104,SVC high level control,Mandatory,"The SVC OBC shall perform the high-level control of the WM, SM and SI for the execution of the assembly/ reconfiguration plan",FuncR_S107 MOSAR Operational Concept,Review of Design / Testing,GMV / DLR,None,36
FuncR,A105,FuncR_A105,Components low level control,Mandatory,"Low level control of the WM, SM and SI shall be performed locally by each component",FuncR_S108 MOSAR Operational Concept,Review of Design / Testing,"SPACEAPSS, DLR, SITAEL, TAS-UK","This allow to relax constraints on the data bus requirements (e.g. high rate robotic control), the SVC OBC having to send only high level commands to the components",36
FuncR,A106,FuncR_A106,WM modules operations,Mandatory,The WM shall be able to add and replace SM (ASM/APM) by using SI.,FuncR_S103 Operational Concept RD3,Testing,SPACEAPPS / DLR,None,36
FuncR,A107,FuncR_A107,WM relocation,Mandatory,The WM shall be able to reposition itself by using the SI of the functional modules or the platform,FuncR_S104 Operational Concept RD3,Testing,SPACEAPPS / DLR,None,36
FuncR,A108,FuncR_A108,Monitoring,Mandatory,"The SVC OBC shall be able to monitor the parameters of the SM, WM and SI",FuncR_S109,Testing,"GMV, SITAEL",None,37
FuncR,A109,FuncR_A109,Spacecraft reconfiguration,Mandatory,The system shall be able to re-configure the CLT (e.g. SM exchange) in case of a defect (e.g. malfunction of a SM),FuncR_S101,Testing,"GMV, DLR, SPACEAPPS",,37
FuncR,A110,FuncR_A110,System redundancy,Mandatory,"The system shall be able to re-route and reallocate resources (e.g. power, data, computational power, etc.) in case of a defect (e.g. interconnector of an APM)","FuncR_S110, FuncR_S120, FuncR_S122, SafR_S813, SafR_S814",Testing,"GMV, DLR, SPACEAPPS",This should support connection failure or a power interruption of defect modules / interconnectors. Computational power can only be done in the simulator.,37
FuncR,A111,FuncR_A111,Modules Plug & Play detection,Mandatory,The SVC OBC shall be able to detect and use additional functional modules (plug & play principle),FuncR_S102,Testing,"GMV, ELLI, UBREST, TAS-UK",,37
FuncR,A112,FuncR_A112,Fault detection,Mandatory,"The SVC OBC shall be able to react to a faulty behavior detected by the SM, WM or SI",SafR_S808,Testing,GMV,The reaction could include local management on the spacecraft (e.g. SM isolation) or feedback to the MCC,38
FuncR,A113,FuncR_A113,3D reconstruction through WM,Optional,"A 3D reconstruction of the satellite could be produced from the observation by a camera mounted on the WM, with a maximum surface average error of 1cm",Re-use of OG3,Testing,USTRATH,"Supported after re-configuration process. The WM is used to obtain different view points The 3D reconstruction should allow a human operator to assess the correctness of the re-configuration, and 1cm maximum surface error should be enough to meet the target",38
FuncR,A114,FuncR_A114,3D reconstruction through SM,Optional,"A 3D reconstruction of the satellite could be produced from the observation by a camera mounted in a SM, with a maximum surface average error of 1cm",Re-use of OG3,Testing,USTRATH,"Supported during re-configuration process, in real time (30 frames/sec) The 3D reconstruction should allow a human operator to assess the correctness of the re-configuration, and 1cm maximum surface error should be enough to meet the target.",38
FuncR,A115,FuncR_A115,Camera Localization,Optional,"The 3D pose estimation of the camera mounted on the WM could be computed based on the image stream, with a mean error not larger than 1 cm translation and 5Â° rotation, with a minimum of 30 frame/sec",Re-use of OG3,Testing,USTRATH,"The accuracy of the estimated pose should allow correct positioning and connection of the hardware interfaces. It should also allow 3D reconstruction with errors defined in FuncR_A113 and FuncR_A114. 1cm translation and 5¡Æ rotation errors is a reasonable previously achieved target that are compatible with the initiation of the connection process of the interconnectors through the use of the form-fit guidance. Furthermore, localization has to happen in real time, and 30 milliseconds / frame is an acceptable value achieved by recent 3d localization and mapping algorithms as described in RD2. ",38
FuncR,A116,FuncR_A116,SM Localization,Optional,"The 3D pose estimation of the SM could be computed based on the image stream obtained by the camera mounted on the WM, with a mean error not larger than 1 cm translation and 5Â° rotation, with a minimum of 30 frame/sec (first estimation of a new module 10 sec after appearance)",Re-use of OG3,Testing,USTRATH,"The accuracy of the estimated pose should allow correct positioning and connection of the hardware interfaces. It should also allow 3D reconstruction with errors defined in FuncR_A113 and FuncR_A114. 1cm translation and 5Â° rotation errors is a reasonable previously achieved target that are compatible with the initiation of the connection process of the interconnectors through the use of the form-fit guidance. Furthermore, localization has to happen in real time, and 30 milliseconds / frame is an acceptable value achieved by recent 3d localization and mapping algorithms as described in RD2. Initial detection of a module does not require real-time capabilities, but needs to be achieved in useful operating time, 10 seconds is an acceptable operation delay.",39
PerfR,A201,PerfR_A201,Sub-systems TM/TC data rate,Mandatory,"TM/TC control of the WM and SM, including their SI, by the SVC OBC shall require a network supporting a data rate of 1Mbps or greater",Operational Concept,Review of Design,"TAS-UK, SPACEAPPS, DLR",The TM/TC control of the platform should not rely on high data rate links with low latency.,39
PerfR,A202,PerfR_A202,Sub-systems services data rate ,Mandatory,"SVC OBC shall require a network supporting a data rate of 50Mbps or greater for SM
service data.",Operational Concept,Review of Design,"TAS-UK, SPACEAPPS, SITAEL","For a camera APM, at 50 Mbps, a 4Mpixel image will take several seconds to transfer across the data network.",39
IntR,A301,IntR_A301,SVC to CLT mechanical interface,Mandatory,The SVC shall provide a mechanical docking connection to the CLT,OpR_S603 Operational Concept,Review of Design,"SITAEL, TAS-UK",The docking procedure is not part of the In MOSAR demonstration scenarios. Both spacecraft will be rigidly connected all along the demonstrations with a representative gap.,41
IntR,A302,IntR_A302,SVC to CLT data interface,Mandatory,The SVC shall provide a data interface to the CLT to connect both internal networks,OpR_S604 Operational Concept,Review of Design,"SITAEL, TAS-UK",The data interface allows the SVC to take the control of all the components for the execution of the re-configuration plan,41
IntR,A303,IntR_A303,SVC to CLT power interface,Optional,The SVC shall provide a power interface to the CLT to be able to power CLT components,Operational Concept,Review of Design,"SITAEL, TAS-UK","Not required as, in the demonstration, the CLT could have his own power sub-system",41
IntR,A304,IntR_A304,MCC to SVC data link,Mandatory,The MCC shall provide a data link for upload of the execution plan and TM/TC services with the SVC,OpR_S605 Operational Concept,Review of Design,"GMV, DLR","Represent the satellite link communication, could implement space standard communication protocols, e.g. the packet utilization standard (PUS) to give some level of representativeness to the demonstrator.",41
IntR,A305,IntR_A305,MCC to SVC debugging link,Mandatory,The MCC shall provide a data link for monitoring and debugging purpose during the integration and testing of the demonstrator,Partner expertise,Review of Design,GMV,,42
IntR,A306,IntR_A306,SVC and CTL SI,Mandatory,The SVC and CTL shall provide SI to enable connection with the SM and the WM,"FuncR_S110, FuncR_S118",Review of Design,"SITAEL, SPACEAPPS",,42
DesR,A401,DesR_A401,OG1 Reuse,Mandatory,The platform shall implement ESROCOS from OG1 for the control of the system,Guidelines AD1 OG9-R10,Review of Design,GMV,A number of adaptations and extensions are anticipate (see RD1),42
DesR,A402,DesR_A402,OG2 Reuse,Mandatory,The platform shall implement autonomy functions using OG2 (ERGO),Guidelines AD1 OG9-R10,Review of Design,GMV,A number of adaptations and extensions are anticipate (see RD1),42
DesR,A403,DesR_A403,OG3 Reuse,Optional,The platform shall implement sensor data fusion techniques from OG3 (Infuse),Guidelines AD1 OG9-R10,Review of Design,USTRATH,"The WM operations would rely only on known geometry information, without the need of data fusion techniques. To be discussed and decided at SRR if data fusion techniques are illustrated in the scenario (e.g. SVC visual validation)",43
DesR,A404,DesR_A404,OG4 Reuse,Mandatory,The satellite shall be equipped with its own integrated R-ICU derived from the OG4 I3DS architecture and illustrate operations of functional modules equipped with selected sensors suite from I3DS,Guidelines AD1 OG9-R10,Review of Design,"TAS-UK, TAS-F",A number of adaptations and extensions are anticipate (see RD1),43
DesR,A405,DesR_A405,OG5 Reuse,Mandatory,"The required H/W units in OG9 (platform, ASMs/APMs, robot) shall be equipped with standard interfaces from OG5.",Guidelines AD1 OG9-R10,Review of Design,SPACEAPPS,A number of adaptations and extensions are anticipate (see RD1),43
DesR,A406,DesR_A406,SVC and CLT OBC,Mandatory,The SVC and CLT spacecraft shall have on OBC for the management of the different components associated with the spacecraft and the communications,FuncR_S114,Review of Design,SITAEL,"In the MOSAR demonstration, the SVC OBC should take the lead on all the components of the system.",43
DesR,A407,DesR_A407,Data Network,Mandatory,The system shall implement a data technology network that supports data bus re- configuration and routing,"FuncR_S110, FuncR_S119",Review of Design / Testing,TAS-UK,"In the MOSAR demonstration, the SVC OBC should take the lead on all the components of the system. The current selected technology is SpaceWire based on the developments and outputs of OG4",44
DesR,A408,DesR_A408,Relevance to flight hardware,Desirable,"The demonstrator design should not be de-rated for demonstration use and be representative of an actual space system in terms of capabilities (e.g. mass movement capacity, speed of reconfiguration, processing capacity of on-board computing), while still retaining feasibility of operation in Earth?™s gravity (so as to be functional)",PERASPERA final objectives,Review of Design,ALL,,44
OpR,A601,OpR_A601,Laboratory Environment,Mandatory,The demonstrator shall be able to work under laboratory conditions in a temperature range between 10 and 30 deg,Demonstration Constraint,Review of Design,ALL,,44
OpR,A602,OpR_A602,Gravity conditions,Mandatory,The demonstrator shall be able to work under 1g,Demonstration Constraint,Review of Design,ALL,,45
OpR,A603,OpR_A603,Demonstrator Power supply,Mandatory,The demonstrator shall be able to be powered from standard power plugs,Demonstration Constraint,Review of Design,ALL,,45
SafR,A701,SafR_A701,Demonstrator Safety,Mandatory,"Demonstrator shall be inherently safe during operation, considering the implementation in a laboratory environment with trained operators",Safety rules,Review of Design,ALL,"Safety should consider mechanical and electrical potential issue. Safety can be addressed by system design (limited speeds, compliance) and/or through implementation of safety features (Emergency stops, interlocks or sensors barriers)",45
ConfR,A801,ConfR_A801,SVC and TGT test bench,Mandatory,"A test bench shall be designed and integrated to represent the SVC satellite to the CLT spacecraft, considering the gap existing between both the platform during docking condition",OpR_S603 Operational Concept RD3,"Review of Design, Inspection",SITAEL,,45
ConfR,A801,ConfR_A801,Test bench mechanical structure,Mandatory,The structure of the test bench shall be stable and able to carry the own mass and the loads introduced by the SMs and WM,Preliminary MOSAR demonstrator,"Review of Design, Analysis",SITAEL,,46
ConfR,A802,ConfR_A802,Test bench SI interfaces,Mandatory,The SVC and CTL test benches shall provide the required number of SI to cover the MOSAR scenario demonstrations,IntR_A306,Review of Design,"SITAEL, SPACEAPPS",,46
FuncR,B101,FuncR_B101,SM connection,Mandatory,"The WM shall be able to connect to the SI of the SM or the spacecraft mockup, independently through one of its own SI","FuncR_A106, FuncR_A107",Testing,"SPACEAPPS, DLR",,47
FuncR,B102,FuncR_B102,SM manipulation,Mandatory,The WM shall be able to move and assemble the functional modules in a 3-dimensional way,FuncR_A106,Testing,"SPACEAPPS, DLR",,47
FuncR,B103,FuncR_B103,Joint position control,Mandatory,The WM shall provide local joint position control at minimum 500 Hz,MOSAR Operational Concept Partner Expertise,Testing,"DLR, SPACEAPPS",,47
FuncR,B104,FuncR_B104,Cartesian position control,Mandatory,The WM shall provide local Cartesian position control of the free end-effector at minimum 500 Hz,MOSAR Operational Concept Partner Expertise,Testing,"DLR, SPACEAPPS",To support manipulation of the SM along pre-defined trajectories and initial SI alignment,47
FuncR,B104,FuncR_B104,Impedance control,Mandatory,The WM shall provide impedance control at minimum 500 Hz,MOSAR Operational Concept Partner Expertise,Testing,"DLR, SPACEAPPS",To support SI alignment or connection process,48
FuncR,B105,FuncR_B105,Fault detection,Mandatory,The WM shall be able to detect malfunction of its operations,FuncR_A112,Testing,SPACEAPPS,,48
FuncR,B106,FuncR_B106,Power-on/off,Desirable,"The WM shall be able to be powered on/off, keeping its current position",MOSAR Operational Concept,Testing,SPACEAPPS,To reduce consumption when the WM is not in use. The power switch could be managed at the SI level,48
FuncR,B107,FuncR_B107,WM start and initialization,Mandatory,"The WM shall be able to start and initialize automatically after power-on, reaching a state ready for communication and operations",MOSAR Operational Concept,Testing,SPACEAPPS,,48
FuncR,B106,FuncR_B106,WM perception,Optional,The WM could have the ability to perceive the location of SMs in three dimensions to an error of 1cm using attached stereo vision sensors.,Operational Concept,Testing,"DLR, USTRATH",Not required with the current approach of WM SM approach and manipulation (based on known geometry and SM localization). Would require additional sensors,49
PerfR,B201,PerfR_B201,WM payload capability,Mandatory,The WM shall be able to manipulate a payload of 7kg all around his workspace,Demonstration Scenario OpR_A602,Testing,SPACEAPPS,"The target is to not implement external gravity compensation on the SM, TBC depending on the updated weight estimations during PDR",49
PerfR,B202,PerfR_B202,WM reachability,Mandatory,The WM kinematic structure shall be compatible in size and joint configuration to support all MOSAR scenarios demonstrations,Demonstration Scenario DesR_S404,Testing,SPACEAPPS,Kinematic configuration and reachability analyzed during PDR phase,49
PerfR,B203,PerfR_B203,WM data interface rate for TM/TC,Mandatory,The data interface of the WM shall support a data rate of 1Mbps or greater for TM/TC control.,MOSAR Operational Concept PerfR_A201,Testing,"SPACEAPPS, DLR, TAS-UK",The TM/TC control of the platform should not rely on high data rate links with low latency.,49
PerfR,B204,PerfR_B204,WM data interface rate for service data,Mandatory,The data interface of the WM shall support a data rate of 50 Mbps or greater for service data.,MOSAR Operational Concept PerfR_A202,Testing,"SPACEAPPS, DLR, TAS-UK","E.g. to support data transfer from a connected SM The services provided by the Spacecraft Module share the same data interface as TM/TC and will have a higher bandwidth requirement. At 50 Mbps, a 4Mpixel image will take several seconds to transfer across the data network.",50
PerfR,B205,PerfR_B205,WM power interface rate,Mandatory,The power interface of the WM shall support 0.5kW [TBC] of power transfer,MOSAR Operational Concept PerfR_A202,Testing,SPACEAPPS,For the operation of the WM and one connected SM (APM). Value TBC for PDR,50
IntR,B301,IntR_B301,WM TM/TC,Mandatory,"The WM shall transmit telemetry and receive high-level tele-command with the SVC OBC, independently through the data interface of one of the connected SI",Operational Concept,Testing,SPACEAPPS,,50
IntR,B302,IntR_B302,WM data transfer,Mandatory,The WM shall be able to transmit TM/TC and data from the SVC OBC with the SM connected at its SI,Operational Concept Guidelines AD1,Testing,SPACEAPPS,,51
IntR,B303,IntR_B303,WM power,Mandatory,The WM shall get power from the spacecraft/modules through the power interface of the connected SI,Operational Concept,Testing,SPACEAPPS,,51
IntR,B304,IntR_B304,WM power transfer,Mandatory,The WM shall be able to transmit power to the SM connected at its SI,Operational Concept,Testing,SPACEAPPS,,51
IntR,B304,IntR_B304,WM interface switch,Mandatory,The WM shall be able to switch power and data interface between the two SI extremities,Operational Concept,Testing,SPACEAPPS,,51
IntR,B305,IntR_B305,WM local CAN network,Mandatory,The WM shall provide a local CAN network to interface and control the end-effectors SI,Operational Concept,Testing,SPACEAPPS,CAN network technology is currently selected based on OG5 outputs,52
IntR,B306,IntR_B306,WM local control network,Mandatory,The WM shall be able to parse information from/to its data interface through the two SI extremities and translate it in its own local bus for Real-Timer monitor and control of its joins.,Operational Concept,Testing,SPACEAPPS,,52
IntR,B307,IntR_B307,WM mechanical interface to SI,Mandatory,The WM shall provide a mechanical interface connection at each extremity to attach a SI,Operational Concept,Testing,SPACEAPPS,,52
DesR,B401,DesR_B401,SI as WM end-effectors,Mandatory,The WM shall be equipped with a SI at each of its extremities,Operational Concept RD3,Review of Design,SPACEAPPS,,52
DesR,B402,DesR_B402,Embedded controller,Mandatory,The WM shall have an embedded local controller to convert high-level control commands from the SVC OBC to low-level control of the joints,FuncR_S108 MOSAR Operational Concept,Review of Design,SPACEAPPS,,53
DesR,B403,DesR_B403,Torque/force sensors,Mandatory,The WM shall be equipped with Force/Torque sensors to support the implementation of the impedance control,Operational Concept RD3,Review of Design,SPACEAPPS,End-tip of joint torque TBC,53
DesR,B404,DesR_B404,Compatibility to environmental tests conditions,Mandatory,The design of the WM shall be such that it is able to withstand the test environmental conditions,Demonstration constraints,Review of Design,SPACEAPPS,,53
DesR,B405,DesR_B405,Compatibility to space design,Mandatory,The design of the WM shall be such that the later product is able to withstand the harsh conditions in space,Guidelines RD3 OG9-R09 OpR_S606,Review of Design,SPACEAPPS,,53
PhyR,B501,PhyR_B501,WM weight,Mandatory,"The weight of the WM shall minimized with a targeted weight of 14kg [TBC], including the SI.",PhyR_S501,Testing,SPACEAPPS,Based on the assumption of a 1 to half payload capability of 7kg,54
FuncR,C101,FuncR_C101,SM functions,Mandatory,The SMs shall provide all required support functions to any embarked unit and guarantee the required operative profile during the lifetime,Operational Concept RD3,"Review of Design, Testing",SITAEL,,55
FuncR,C102,FuncR_C102,SM components,Mandatory,Each SM shall be able to host all the components needed to fulfill its functions,Guidelines AD1 OG9-R11,Review of Design,SITAEL,,55
FuncR,C103,FuncR_C103,SM data routing configuration,Mandatory,The baseline functionality of a Spacecraft Module shall include the ability to externally configure the SM?™s data routing function between the Standard Interfaces and services provided by SM,FuncR_S120 MOSAR Operational Concept,Review of Design / Testing,TAS-UK,,55
FuncR,C104,FuncR_C104,SM data transmission,Mandatory,The baseline functionality of a Spacecraft Module shall include the ability to provide external TM/TC control and service data of the Spacecraft Module via the SM data interface once the routing function has been configured,"FuncR_S119, FuncR_A108 MOSAR Operational Concept",Review of Design / Testing,TAS-UK,,56
FuncR,C103,FuncR_C103,SM rower routing configuration,Mandatory,The baseline functionality of a Spacecraft Module shall include the ability to externally configure the SM?™s power routing function between the Standard Interfaces,MOSAR Operational Concept,Review of Design / Testing,TAS-UK,This can be envisaged by an internal power distribution unit in the SM or at the SI level,56
FuncR,C105,FuncR_C105,SM redundancy,Mandatory,The assembled modules shall be able to switch to redundant data and power paths,FuncR_A110,Testing,"TAS-UK, SPACEAPPS",,56
FuncR,C106,FuncR_C106,SM power-on/off,Desirable,"The SM shall be able to be powered on/off or put in stand-by mode, keeping its capability to transmit data and power to other SM",MOSAR Operational Concept,Testing,SITAEL,To reduce consumption when the SM is not in use.,56
FuncR,C107,FuncR_C107,SM start and initialization,Mandatory,"The SM shall be able to start and initialize automatically after power-on, reaching a state ready for communication and operations",MOSAR Operational Concept,Testing,"SITAEL, TAS-UK",,57
FuncR,C108,FuncR_C108,Identification information,Mandatory,The SM shall be able to provide identification information including unique identifier number and list of capabilities,FuncR_A111,Testing,"SITAEL, TAS-UK",To support automatic detection and plug and play operations,57
FuncR,C109,FuncR_C109,Fault detection,Mandatory,The SM shall be able to detect malfunction of its operations,FuncR_A112,Testing,SITAEL,,57
PerfR,C201,PerfR_C201,SM data interface rate for TM/TC,Mandatory,The data interface of the Spacecraft Module shall support a data rate of 1Mbps or greater for TM/TC control.,MOSAR Operational Concept PerfA_A202,Testing,"SPACEAPPS, DLR, TAS-UK",The TM/TC control of the platform should not rely on high data rate links with low latency.,57
PerfR,C202,PerfR_C202,SM data interface rate for service data,Mandatory,The data interface of the Spacecraft Module shall support a data rate of 50 Mbps or greater for service data.,MOSAR Operational Concept PerfA_A203,Testing,"SPACEAPPS, DLR, TAS-UK","The services provided by the Spacecraft Module share the same data interface as TM/TC and will have a higher bandwidth requirement. At 50 Mbps, a 4Mpixel image will take several seconds to transfer across the data network.",58
PerfR,C203,PerfR_C203,SM power interface rate,Mandatory,The power interface of the SM shall support [1-2kW] [TBC] of power transfer,Operational Concept RD3PerfR_A202,Testing,"SITAEL, SPACEAPPS","The power APM should be able to deliver the required power for the operations of the other SM, WM and SI. Value TBC for PDR",58
IntR,C301,IntR_C301,SM power,Mandatory,The SM shall get power from the power interface of one of the connected SI,Operational Concept,Testing,SPACEAPPS,,58
IntR,C302,IntR_C302,SM R-ICU power Up,Mandatory,The Spacecraft Module?™s R-ICU shall be powered up whenever external power is supplied to any of its Standard Interfaces.,Operational Concept RD3,Testing,"SITAEL, SPACEAPPS",Enables plug and play of Spacecraft Modules.,58
IntR,C303,IntR_C303,SM R-ICU to SI TM/TC,Mandatory,The R-ICU shall provide TM/TC control of the Standard Interfaces using CANbus,MOSAR Operational Concept,Testing,"SPACEAPPS, TAS-UK",The R-ICU is the CAN bus master and the Standard Interfaces are all slaves to the R- ICU. CAN network technology is currently selected based on OG5 outputs,59
IntR,C304,IntR_C304,SM mechanical interface to SI,Mandatory,The SM shall provide a mechanical interface connection to attach a SI,Operational Concept,Testing,SITAEL,,59
DesR,C401,DesR_C401,SM structure,Mandatory,The SM structure shall be composed by the following units: ??6 lateral panels ??12 beams ??4 corners ??Connection items (to connect all the units of the SMs with the structural units of the SMs),Partner expertise,Review of Design,SITAEL,"For improved cross-compatibility of launchers and internal systems, SMs should target to the form factor for a cubic 27U CubeSat (RD1).",59
DesR,C402,DesR_C402,Number of SI,Mandatory,All SM shall have a sufficient number of SI in order to manipulate them with the WM and to couple them with each other and to the SVC or CLT,Operational Concept RD3 Guidelines AD1,Review of Design,"SITAEL, DLR","A maximum number of 3 SI are currently considered as optimization between demonstration application and demonstration constraints (weight, costs)",60
DesR,C403,DesR_C403,SM mechanical loading,Mandatory,The structure of the modules shall be able to carry its own mass under the gravity force and the loads introduced by the ?œwalking??robot-system during the manipulation of the SMs.,Operational Concept RD3 Guidelines AD1,"Analysis, Testing",SITAEL,,60
DesR,C404,DesR_C404,SM mechanical loading data,Mandatory,The forces applied by the WM and the motion dynamics shall be provided for the design of the SMs in the worst case.,Partner Expertise,Analysis,SITAEL,,60
DesR,C405,DesR_C405,SM physical layout,Mandatory,"The SMs physical layout shall allow the accommodation of all the equipment, by guaranteeing the proper mechanically assembly, the thermo-mechanical behavior, the SM mechanical/electrical integration and testing, as required by the test requirements",Partner expertise,Review of Design,SITAEL,,60
DesR,C406,DesR_C406,SM accommodation,Mandatory,"The accommodation of the units shall take into account the following criteria: ??Need of assembly and disassembly ??Easy access to the electrical connectors, fixation points, grounding studs ??Alignment requirements ??Mass distribution ??Envelope ??Harness routing ??FOV constraints (in the case of the integration of optical sensors)",Partner expertise,"Review of Design, Inspection, Testing",SITAEL,,61
DesR,C407,DesR_C407,SM accommodation flexibility,Mandatory,The SMs structure shall be flexible in order to allow the accommodation of different kind of internal equipment,Mission analysis RD2 Guidelines AD1,Inspection,SITAEL,,61
DesR,C408,DesR_C408,SM face assignation,Mandatory,"Only the assigned faces of the SM shall host the standard interfaces. While, only one customized face for each SM shall host all the other units needed to fulfill the SM functions.",Partner Expertise,Review of Design,SITAEL,,61
DesR,C409,DesR_C409,Thermal conditions,Mandatory,The SMs shall be design in order to guarantee the required thermal conditions to all the units mounted inside the SMs,Partner Expertise,"Review of Design, Testing",SITAEL,,62
DesR,C405,DesR_C405,Compatibility to environmental tests conditions,Mandatory,The design of the SM shall be such that it is able to withstand the test environmental conditions,Demonstration constraints,Review of Design,SITAEL,,62
DesR,C406,DesR_C406,Compatibility to space design,Mandatory,The design of the SM shall be such that the later product is able to withstand the harsh conditions in space,Guidelines RD3 OG9-R09 OpR_S606,Review of Design,SITAEL,,62
PhyR,C501,PhyR_C501,SM Weight,Mandatory,The weight of the SM shall be minimized with a target mass of 7kg [TBC],PhyR_S501,Testing,SITAEL,"For improved cross-compatibility of launchers and internal systems, SMs should target to the form factor for a cubic 27U CubeSat (RD1).",62
DesR,C502,DesR_C502,SM size,Mandatory,The SM shall be cubical in shape in size 300 to 400 mm (TBD) per side,Mission analysis RD2,Review of Design,SITAEL,"For improved cross-compatibility of launchers and internal systems, SMs should target to the form factor for a cubic 27U CubeSat (RD1).",63
SafR,C701,SafR_C701,SM hand manipulation,Mandatory,The SM shall be able to be safely manipulated by hand,Safety rules,Inspection,SITAEL,,63
ConfR,C801,ConfR_C801,Demonstrator SM Configurations,Mandatory,"A set of 7 SMs shall be developed, with the following functions: ??4 ASMs: ??Data Management Subsystem module (DMS): this ASM hosts the main Onboard Computer of the target spacecraft. ??Power Subsystem (PWS): is managing the electrical power on the TGT spacecraft. ??Battery ORU module (BAT): is an SM that comprises a set of Lithium- ion batteries and the electronic to manage them. ??Thermal Subsystem module (THS): is responsible for the thermal management of the TGT SMs ??2 APMs Optical Sensor Payload module (OSP): is an SM that exposes an optical lens on one of its faces. ??1 back-up SM","FuncR_S112, FuncR_S114, FuncR_S115 Scenarios Description",Review of Design,SITAEL,"Selection of ASM and APM are illustrative to the possible missions scenario, final selection and specifications of each developed module at PDR",63
FuncR,D101,FuncR_D101,"Mechanical, Data and Electrical Interface",Mandatory,The standard interface shall provide ??a mechanical interface to mechanically couple two system components ??an electrical interface to transfer electrical energy (power) between two system components ??a data interface to allow exchange of data between two system components,OG1-5 Review RD1,Review of Design,SPACEAPPS,"MOSAR system components include Spacecraft Modules, Spacecraft Bus and Walking Manipulator",64
FuncR,D102,FuncR_D102,Thermal Interface,Mandatory,The standard interface shall provide a thermal interface to allow active transfer of thermal flow between two Spacecraft Modules,OG1-5 Review RD1,Review of Design,SPACEAPPS,"In MOSAR, active thermal transfer is only considered between SM (not with the Spacecraft Bus or Walking Manipulator)",64
FuncR,D103,FuncR_D103,Passive Coupling,Mandatory,"The standard interface shall allow the mechanical, power, data and thermal coupling with another interface that cannot provide actuation",OG1-5 Review RD1,Review of Design,SPACEAPPS,Passive configurations of the SI is currently envisaged in the scenarios for costs reductions (could also have an interest for future exploitation),64
FuncR,D104,FuncR_D104,Passive Decoupling,Mandatory,"The standard interface shall allow the mechanical, power, data and thermal de-coupling with another interface that cannot provide actuation",OG1-5 Review RD1,Review of Design,SPACEAPPS,,65
FuncR,D105,FuncR_D105,Electrical Interface Protection,Mandatory,The electrical interface shall have an overcurrent and overvoltage protection,OG5 Requirement Internal Expertise,Review of Design / Testing,SPACEAPPS,,65
FuncR,D106,FuncR_D106,Electrical Interface Switch,Mandatory,The electrical interface shall incorporate a bidirectional power switch to control current flow at the interface.,FuncR_S122,Review of Design / Testing,SPACEAPPS,Required to support (re)-routing of electrical power. Could also be managed by a central power distribution unit in the SM,65
FuncR,D107,FuncR_D107,Electrical Interface Telemetry,Mandatory,"The electrical interface shall provide voltage and current telemetry at the power bus system level, in both power transfer direction",FuncR_S122,Testing,SPACEAPPS,Required to monitor (re)-routing of electrical power.,65
FuncR,D108,FuncR_D108,Data Interface Support,Mandatory,The data interface shall support at least one technology with capabilities of dynamic data bus re-configuration and routing,DesR_A407,Review of Design,SPACEAPPS / TAS-UK,"Current selected technology in MOSAR is SpaceWire, based on OG4 outputs",66
FuncR,D109,FuncR_D109,SI Telemetry,Mandatory,"The SI shall measure and store the following local SI parameters: ??Temperature (Power electronics if local, structure) ??Alignment / proximity status ??Locking status ??SI orientation (in relation with design symmetry) ??Data/Power interface status ??Thermal interface status ??Motor position (incremental or absolute) / Mechanism position (absolute) ??Motor current ??Controller supply voltage",OG1-5 Review RD1 Operational Concept RD3,Review of Design / Testing,SPACEAPPS,Needed to monitor the function of the SI and support autonomous operation in MOSAR,66
PerfR,D201,PerfR_D201,Mechanical Loads,Mandatory,"The mechanical interface shall withstand, in connected mode, all mechanical loads induced by the demonstration operations: ??Axial Force: 250 / 160 N ??Radial Force: 250 / 160 N ??Bending Moment: 204 / 84 Nm ??Torsion: TBD Nm As function of the gravity compensation of the SM (TBC).",OG1-5 Review RD1 OpR_A602,Analysis / Testing,SPACEAPPS,"Best current estimations Required load transfer will depend on the configuration of the demonstrator setup and the possible application of gravity mitigation technics. Due to the complexity of the operations and motions, we currently target to not implement gravity compensation (left number). We could however still envisage compensation of the SM (right number)",66
PerfR,D202,PerfR_D202,Positioning Tolerance,Mandatory,The mechanical interface shall maximize positioning tolerance for guidance and mating,OG1-5 Review RD1,Analysis / Testing,SPACEAPPS,,67
PerfR,D203,PerfR_D203,Power Transfer Rating,Mandatory,"The electrical interface shall be capable of supporting [1-2kW] (TBC) of power transfer, as required by the MOSAR demonstration The power interface of the SM shall support [1-2kW] [TBC] of power transfer",PerfR_C203,Analysis / Testing,SPACEAPPS,Value TBC for PDR,67
PerfR,D204,PerfR_D204,Data Interface Rating,Mandatory,The data interface shall allow a data rate of minimum 50Mbit/s,PerfR_A202,Analysis / Testing,SPACEAPPS,"To support the recording and processing of large amounts of data between modules and with the spacecraft, value TBC during PDR phase",67
PerfR,D205,PerfR_D205,Thermal Interface Rating,Mandatory,The thermal interface shall allow a thermal flow rating of: TBD W,OG1-5 Review RD1,Analysis / Testing,MAGSOAR / SPACEAPPS,,67
IntR,D301,IntR_D301,Mechanical Interface to Components,Mandatory,"The standard interface shall provide a mechanical connection to the modules, spacecraft bus or robotic base/end-effector manipulator, compatible with the mechanical loads transferred through the interface.","OG1-5 Review RD1 IntR_B307, IntR_C304",Review of Design / Analysis,"SPACEAPPS, SITAEL",,68
IntR,D302,IntR_D302,Harnessing to Components,Mandatory,"The standard interface shall provide internal harnessing to connect power, data and control buses from the module, spacecraft or robotic base/end-effector manipulator",OG1-5 Review RD1,Review of Design,"SPACEAPPS, SITAEL",,68
IntR,D303,IntR_D303,Interface to Module Thermal System,Mandatory,The thermal interface shall enable thermal connection to the thermal module sub- system,OG1-5 Review RD1,Review of Design,"SPACEAPPS, SITAEL, MAGSOAR",,68
IntR,D304,IntR_D304,Power Distribution Unit,Mandatory,"The SI shall be interfaced with a Power Distribution Unit (PDU) to provide low-level voltage power rails to supply the internal components of the SI (controller, sensors and motor drives)",Partner Expertise,Review of Design,SPACEAPPS,The PDU could be local to the SI or shared at module level,68
IntR,D305,IntR_D305,Standard Interface TM/TC,Mandatory,The SI shall be able to send/receive local TM/TC to/from the module or spacecraft OBC TM: See FuncR_D109 list TC: ??Coupling / de-coupling (TBC for intermediate states) ??Electrical power transfer on/off ??Low-level control (TBC),FuncR_A104,Testing,SPACEAPPS,"Based on OG5 developments, CAN is the current selected technology for SI TM/TC",69
IntR,D306,IntR_D306,Redundant Data/Power/Control Interface,Mandatory,"The SI shall feature redundant data, power and control interface",SafR_S702,Review of Design,SPACEAPPS,"In case of failure, the SI shall be able to switch to a redundant bus",69
DesR,D401,DesR_D401,Androgynous Design,Mandatory,"The standard interface shall have an androgynous design, including mechanical, data, power and thermal interface",OG1-5 Review RD1,Review of Design,SPACEAPPS,,69
DesR,D402,DesR_D402,Design Symmetry,Mandatory,"The standard interface shall present a 90deg. rotational symmetry, including mechanical, data, power and thermal interface",OG1-5 Review RD1 ConfR_S902,Review of Design,SPACEAPPS,The standard interface shall allow module connections without restriction on relative module orientation,69
DesR,D403,DesR_D403,Diagonal Engagement,Mandatory,The standard interface shall allow diagonal engagement up to 55 deg,OG1-5 Review RD1 Operational Concept RD3,Review of Design / Testing,SPACEAPPS,To enable multiple simultaneous approach and connection (e.g. corner example),70
DesR,D404,DesR_D404,Form-Fit Guidance,Mandatory,The standard interface shall provide guidance form-fit features,OG1-5 Review RD1 Operational Concept RD3,Review of Design / Testing,SPACEAPPS,"To support the alignment process between two interfaces, specifically when multiple connections are considered, without requiring external guidance system",70
DesR,D405,DesR_D405,SI Costs,Mandatory,The design of the SI shall take into account optimization of the manufacturing and integration costs,DesR_S403,Analysis,SPACEAPPS,Cost should be a design driver considering the large quantity of interfaces in the proposed operational concept.,70
PhyR,D501,PhyR_D501,Standard Interface Mass,Mandatory,The standard interface shall be optimized regarding the mass,"PhyR_S501, PhyR_B501, PhyR_C501",Testing,SPACEAPPS,,70
PhyR,D502,PhyR_D502,Standard Interface Volume,Mandatory,The standard interface shall be optimized regarding size and volume,PhyR_S502,Testing,SPACEAPPS,To reduce constraints on the module design and integration,71
PhyR,D601,PhyR_D601,Standard Interface ShutDown,Desirable,"The standard interface (or a part of it) shall be able to be switched off/on (behave as a passive plug), while ensuring data and power transfer.",MOSAR Operational Concept,Testing,SPACEAPPS,"In regards to the total mission time, the operation time of the standard interface is very small. For energy optimization, it could be interesting to be able to switch off the component (and be able to revive it later).",71
PhyR,D602,PhyR_D602,Standard Interface Power Consumption,Mandatory,The power consumption of the standard interface shall be minimized,MOSAR Operational Concept OG5 Expertise,Testing,SPACEAPPS,Values TBC during PDR phase,71
PhyR,D603,PhyR_D603,Coupling Time,Mandatory,The coupling time between two standard interfaces shall be minimized,MOSAR Operational Concept,Testing,SPACEAPPS,MOSAR demonstration will require a lot of successive mating/demating operations,71
SafR,D801,SafR_D801,SI Safe Manipulation,Mandatory,"The SI shall be safe to be manipulated during integration within SM, WM or Spacecraft Buses. If there exist potential risks, they shall be well documented",Safety Rules,Inspection,SPACEAPPS,,72
PhyR,D901,PhyR_D901,SI Design Configurations,Mandatory,"The standard interface shall be declined in different configurations that are: ??Active ??Passive (not active behavior but can be couple and transmit data and power) ??Mechanical (not active and can only be coupled) ??Thermal (including thermal interface connectors, either active or passive)",OGs costs and physical characteristics constraints,Review of Design / Testing,SPACEAPPS,This is mainly to support costs and volume/weight reduction in the ground demonstrators. This could also be applicable in future mission depending on specific mission characteristics.,72
FuncR,E101,FuncR_E101,Design and Simulation Tool Purpose,Mandatory,The design and simulation software shall be able to simulate the system with all related robotic elements and tasks (e.g. reconfiguration) as well as create a robotic compatible servicing plan for the satellite platform,"FuncR_S105, FuncR_S106",Testing,DLR/GMV,,73
FuncR,E102,FuncR_E102,Design Software,Mandatory,The software shall support engineers developing new components and satellites and shall give system integrators the chance to test the entire satellite including all relevant aspects of on-orbit assembly and servicing operation.,FuncR_S105,Review of Design,DLR,,73
FuncR,E103,FuncR_E103,System Simulation,Mandatory,"The software shall allow users to simulation and test high-modular building block space system architectures with regard to the requirements and constraints of robotics, structure and the entire system",FuncR_S106,Review of Design,DLR,,73
FuncR,E104,FuncR_E104,Task Planning and Simulation,Mandatory,The software shall be used to plan and to test the servicing task of the robot system,Guidelines AD1,Testing,GMV (Planner) and DLR (Test),,74
FuncR,E105,FuncR_E105,Simulation Topics,Mandatory,The software shall allow to test and simulate the demonstration scenario regarding mechanical and thermal loads as well as distribution of resources.,Guidelines AD1,Review of Design,DLR,,74
FuncR,E106,FuncR_E106,Simulation of Reconfiguration,Mandatory,"The software shall allow the addition of functional modules to the spacecraft, perform reconfiguration process, and simulate the servicing task considering dedicated robotic specifications.",Guidelines AD1,Review of Design,DLR,,74
FuncR,E108,FuncR_E108,Environmental Conditions Simulation,Optional,The simulation software shall be able to simulate the environmental conditions in LEO,Mission Analysis RD2,Inspection,DLR,The effects of orbital disturbances and their respective relevance shall be verified based on dedicated simulation output signals.,74
FuncR,E109,FuncR_E109,Manipulator Dynamics Simulation,Mandatory,"The simulation software shall be able to represent manipulator dynamics like motor dynamics and joint flexibilities, if relevant in the demonstrator scenario.",Operational Concept RD3,Inspection,DLR,,75
PerfR,E201,PerfR_E201,Simulation Real-Time Performance,Desirable,The simulation software shall be able to compute the reconfiguration scenarios in real time as far as possible.,Operational Concept RD3,Testing,DLR,The real-time performance is verified during reference simulation runs (TBD).,75
PerfR,E202,PerfR_E202,Number of SM in Simulation,Mandatory,The simulation software shall be able to process as many replaceable modules models as required according to the demonstration scenarios.,Operational Concept RD3,Testing,DLR,The ability to handle a sufficient number of modules is verified during reference simulation runs (TBD).,75
IntR,E301,IntR_E301,Simulator Input Interfaces,Mandatory,The simulation software of the FES shall be able to receive joint control inputs from external joint controllers and planners..,Operational Concept RD3,Testing,DLR,,75
IntR,E302,IntR_E302,Simulator Output Interfaces,Mandatory,The simulation software of the FES shall be able to feed back sensor information from sensor models and simulation states to external controllers or a control console,Operational Concept RD3,Testing,DLR,,76
IntR,E303,IntR_E303,Simulator Communication Interface,Optional,The simulation software shall be able to communicate with external entities via TCP/IP or UDP,Operational Concept RD3,Testing,DLR,,76
IntR,E304,IntR_E304,Generation of plan for onboard execution,Mandatory,The ground instance of the ERGO Agent used to generate and validate the reconfiguration plan shall generate a static plan that can be transferred to and executed by the onboard ERGO Agent.,Operational Concept RD3,Testing,GMV,,76
PhyR,E501,PhyR_E501,Simulator Computing Platform,Mandatory,The FES shall run on an individual single-purpose PC,,Inspection / Testing,DLR,,77
ConfR,E901,ConfR_E901,Scenario Simulation Models,Desirable,"For each scenario to be demonstrated, an individual simulation model shall be provided",Partner Expertise,Inspection,DLR,In order to minimize re-configuration activities,77
FuncR,F101,FuncR_F101,Extension of TASTE for reconfigurable systems,Mandatory,The TASTE framework shall be extended to support modelling and code generation for software systems that can switch between different configurations known at design time.,OG1-5 Review RD1,Testing,"ELLI, UBREST, GMV",,78
FuncR,F102,FuncR_F102,TASTE-DDS bridge,Desirable,A middleware bridge generator that enables the communication between TASTE and DDS in runtime should be developed in order to assess the capabilities of the software and modelling environment needed to support the reconfiguration of an onboard system with configurations not known at design time.,OG1-5 Review RD1,Testing,"ELLI, UBREST, GMV",,78
FuncR,F103,FuncR_F103,DDS over SpaceWire,Desirable,An existing open DDS implementation should be adapted to run over SpaceWire links so that it can be deployed in the MOSAR demonstrator.,OG1-5 Review RD1,Testing,GMV,Feasibility needs to be assessed,78
FuncR,F104,FuncR_F104,Large data transfer over SpaceWire,Optional,"The software should provide a common mechanism to transfer large data messages (1KiB to 1MiB) over SpaceWire links, in order to transfer images from the camera sensor to the OBC and the ground system.",OG1-5 Review RD1,Testing,"GMV, TAS-F, USTRAT, SPACEAPPS",Feasibility needs to be assessed,79
FuncR,F105,FuncR_F105,ERGO robotic arm driver for WM,Mandatory,A robotic arm driver component shall be developed to execute the robot plan actions on the WM and return the observations needed by the Agent to manage the execution of the plan.,OG1-5 Review RD1,Testing,"GMV, DLR",,79
FuncR,F106,FuncR_F106,ERGO Agent for plan execution,Mandatory,An instance of the ERGO Agent shall be deployed on the OBC to command and monitor the execution of the robotic reconfiguration plan generated on ground.,OG1-5 Review RD1,Testing,GMV,,79
IntR,F301,IntR_F301,PUS services,Mandatory,"The monitoring and control from the ground system of the onboard system status and the execution of the robotic reconfiguration plan shall be done using the ESROCOS PUS services library, extended with mission-specific services.",OG1-5 Review RD1,Testing,GMV,,80
DesR,F401,DesR_F401,Robotics data types,Mandatory,"The data types used for the interface between the ERGO Agent and the Functional Layer shall be modelled in ASN.1. If a suitable data type is available from ESROCOS, it should be reused rather than defining a new data type.",OG1-5 Review RD1,Review of Design,GMV,,80
OpR,F601,OpR_F601,Plan execution monitoring,Mandatory,"A graphical tool shall allow the operator to command and monitor the execution of the robotic reconfiguration plan, both simulated and onboard.",Operational Concept RD3 Demonstrator preliminary Concept,Review of Design,GMV,,80
ConfR,F801,ConfR_F801,TASTE modelling,Mandatory,The TASTE framework shall be used to model the software components running on the OBC. These components include: - Functions related to robot autonomy (ERGO Agent and functional layer) - Sample OBSW for the management of the reconfigurable system (monitoring and control of the SM),OG1-5 Review RD1,Review of Design,GMV,,81
ConfR,F802,ConfR_F802,Development platform,Mandatory,"The development platform for the OBSW shall be Ubuntu Linux 18.04 LTS (64 bit) on x86. The ESROCOS framework, and in particular TASTE, shall be adapted to run on this platform.",,Review of Design,GMV,,81
VerR,G101,VerR_G101,Validation purpose,Mandatory,"The MOSAR demonstrator shall allow to verify and validate the following functionalities relevant for future modular spacecraft missions: ??Creation of a re-configuration execution plan (FuncR_S105) ??Simulation of the execution plan (FuncR_S106) ??Manipulation and repositioning of SM (FuncR_S101) ??Control and re-location of the WM (FuncR_S104, FuncR_S107) ??Update/upgrade of satellite functionalities (FuncR_S102) ??Data and power transfer between SM ??Heat management between SM (FuncR_S115) ??Failure detection and handling (FuncR_S111) ??Resources re-allocation, data and power routing (FuncR_S110)",Mission Analysis RD2,Testing,SPACEAPPS,,82
VerR,G102,VerR_G102,Validation sequence,Mandatory,The validation shall include the following sequence: 1. Calibrate/verify the simulation tool 2. Simulate the reconfiguration process and generate a valid robot execution plan 3. Execute the plan on the demonstrator setup,Guidelines AD1 OG9-R14,Review of Design,"SPACEAPPS, DLR",,82
VerR,G103,VerR_G103,SM modules selection,Mandatory,The SM implemented in the MOSAR demonstrator should be representative of relevant modules for future modular spacecraft missions.,Mission Analysis RD2,Review of Design,"SITAEL, TAS-Fs",,82
VerR,G104,VerR_G104,Orbital Test Facility,Mandatory,The demonstrator shall be integrated in an orbital simulation facility to validate the MOSAR scenarios,Guidelines AD1 OG9-R13 Guidelines AD1 OG9-R14,Inspection,SPACEAPPS,The orbital dynamics is not relevant in OG9 ??e.g. docking is not part of the scenarios. The provided facility (in SPACEAPPS??lab) could however produce illumination conditions that are relevant w.r.t. orbital applications (if relevant),83
VerR,G105,VerR_G105,Test facility dimensions,Mandatory,The test facility shall ensure a volume of 5 m (L)x 3.5 m (W)x 3 m (H) in order to allow the integration of the test bench and all required components for the regular performance of the demonstration,MOSAR Demonstrator,Inspection,SPACEAPPS,Values TBC by PDR,83
VerR,G106,VerR_G106,Test facility displays,Mandatory,The test facility shall provide displays to support the design and monitoring of the execution plan,MOSAR Demonstrator,Inspection,SPACEAPPS,,83
VerR,G107,VerR_G107,Test facility power,Mandatory,The test facility shall provide the required power for the performance of the demonstration,MOSAR Demonstrator,Inspection,SPACEAPPS,"It can include barrier protections, flashing light during operations,",83
VerR,G108,VerR_G108,Test facility safety features,Mandatory,The test facility shall provide safety features to guarantee the safe operation of the demonstrator,MOSAR Demonstrator,Inspection,SPACEAPPS,"It can include barrier protections, flashing light during operations,",84
